Day Day (Feat. 박재범) (Prod. by GRAY),BewhY (비와이),쇼미더머니 5 Episode 4
Why So Lonely,원더걸스,Why So Lonely
너 그리고 나 (NAVILLERA),여자친구,여자친구 The 1st Album `LOL`
Forever (Prod. By GRAY),BewhY (비와이),쇼미더머니 5 Episode 3
Shut Up (Feat. 유희열),언니쓰,언니들의 슬램덩크
I Like That,씨스타,沒我愛(몰아애)
맘 편히 (Comfortable),"사이먼 도미닉,GRAY (그레이),원",쇼미더머니 5 Episode 2
CHEER UP,TWICE (트와이스),PAGE TWO
미친놈 (Feat. 제시),샵건,쇼미더머니 5 Episode 4
니가 알던 내가 아냐 (Prod. By GRAY),"사이먼 도미닉,원,지투 (G2),BewhY (비와이)",쇼미더머니 5 Episode 1
널 사랑하지 않아,어반자카파,스틸
아름다워 (Beautiful) (Feat. 지코 (ZICO)),씨잼 (C Jamm),쇼미더머니 5 Episode 4
쿵,Zion.T,쇼미더머니 5 Special
"호랑나비 (Feat. Gill, 리듬파워)",보이비,쇼미더머니 5 Episode 3
리본 (Ribbon),비스트,Highlight
The Time Goes On,BewhY (비와이),Time Travel
Bye bye my blue,백예린,Bye bye my blue
비행소년 (Feat. 거미),"매드클라운,샵건",쇼미더머니 5 Episode 2
공중도덕 (Air DoTheQ),"The Quiett,슈퍼비 (Superbee),myunDo,Flowsik,Dok2",쇼미더머니 5 Episode 1
신사 ($insa),"Zion.T,씨잼 (C Jamm),레디 (Reddy),서출구",쇼미더머니 5 Episode 1
Why,태연 (TAEYEON),Why - The 2nd Mini Album
쏘쏘,백아연,쏘쏘
Starlight (Feat. DEAN),태연 (TAEYEON),Why - The 2nd Mini Album
꿈처럼,벤,또 오해영 OST Part.2
현상수배 (Wanted),"씨잼 (C Jamm),레디 (Reddy)",쇼미더머니 5 Episode 3
Machine Gun (Feat. MINO),"KUSH,Zion.T",쇼미더머니 5 Special
하늘바라기 (Feat. 하림),정은지,Dream
D (half moon) (Feat. 개코),DEAN,130 mood : TRBL
자격지심 (Feat. 은하 Of 여자친구),박경 (블락비),자격지심
어디에도,엠씨더맥스,pathos
달고나,"San E,레이나 (오렌지 캬라멜)",달고나
냉탕에 상어 (Feat. 블랙넛),슈퍼비 (Superbee),냉탕에 상어
Monster,EXO,EX`ACT - The 3rd Album
Ring My Bell,수지,함부로 애틋하게 OST Part.1
Butterfly,비스트,Highlight
GOOD (Feat. ELO),"로꼬,GRAY (그레이)",GOOD
Like this (Feat. BOBBY),레디 (Reddy),쇼미더머니 5 Episode 4
너였다면,정승환,또 오해영 OST Part.5
사랑이 뭔데,"서현진,유승우",또 오해영 OST Part.3
L.I.E,EXID,STREET
드러머 (Drummer) (Feat. 올티),"Zion.T,서출구",쇼미더머니 5 Episode 3
시간을 달려서 (Rough),여자친구,여자친구 3rd Mini Album `SNOWFLAKE`
안아줘,정준일,Lo9ve3r4s
이 사랑,다비치,태양의 후예 OST Part.3
Good Luck,AOA,Good Luck
내 입술 따뜻한 커피처럼 (Feat. 이성경),에디킴,내 입술 따뜻한 커피처럼
You Are My Everything,거미,태양의 후예 OST Part.4
가슴이 말해,김나영,함부로 애틋하게 OST Part.3
OOH-AHH하게,TWICE (트와이스),THE STORY BEGINS
No Way,"권순일 (어반 자카파),박용인 (어반 자카파)",닥터스 OST Part.1
꿈에,솔라 (마마무),솔라감성 Part.3
너는 나 나는 너,지코 (ZICO),Break Up 2 Make Up
RE-BYE,악동뮤지션,사춘기 상 (思春記 上)
봄이 좋냐??,10cm,3.2
Boys And Girls (Feat. Babylon),지코 (ZICO),Boys and Girls
오늘부터 우리는 (Me Gustas Tu),여자친구,여자친구 2nd Mini Album `Flower Bud`
넌 is 뭔들,마마무,Melting
틀린그림찾기,"키썸 (Kisum),슬옹",함부로 애틋하게 OST Part.2
걱정말아요 그대,이적,응답하라 1988 OST Part.2
1llusion,Dok2,1llusion
썬 블락 (Sun Block) (Feat. Microdot),슈퍼비 (Superbee),쇼미더머니 5 Episode 4
말해! 뭐해?,케이윌,태양의 후예 OST Part.6
그 애 (愛),정엽,SBS 드라마 닥터스 OST Part.3
보란듯이 (Feat. 앤덥),손승연,보란듯이
그대만의 것 (Feat. Soulman),린,그대만의 것
잊어버리지마 (Feat. 태연),Crush,잊어버리지마
Love Yourself,Justin Bieber,Purpose (Deluxe Edition)
Beverly 1lls,"슈퍼비 (Superbee),myunDo",쇼미더머니 5 Episode 3
사랑하자,SG 워너비,태양의 후예 OST Part.8
No Matter What,"보아 (BoA),빈지노 (Beenzino)",No Matter What
아주 NICE,세븐틴,Love&Letter Repackage Album
스토커,10cm,3.0
무궁화,"매드클라운,Donutman,보이비,샵건",쇼미더머니 5 Episode 1
Toy,블락비 (Block B),Blooming Period
Lucky One,EXO,EX`ACT - The 3rd Album
한숨,이하이,SEOULITE
우아해 (woo ah),Crush,Interlude
또 다시 사랑,임창정,또 다시 사랑
Rain,태연 (TAEYEON),태연 `Rain`
ALWAYS,윤미래,태양의 후예 OST Part.1
Dream Girls,아이오아이 (I.O.I),아이오아이 (I.O.I) 1st Mini Album `Chrysalis`
어쩌면 나,로이킴,또 오해영 OST Part.4
I`m Not The Only One,Sam Smith,In The Lonely Hour (Standard Edition)
Sunflower,윤하 (YOUNHA),닥터스 OST Part.2
불타오르네 (FIRE),방탄소년단,화양연화 Young Forever
Don`t Cry (우리 동네 음악대장),하현우 (국카스텐),복면가왕 50회
돌아오지마 (Feat. 용준형 Of 비스트),헤이즈 (Heize),돌아오지마
끝 (AND) (Feat. 수란),서출구,쇼미더머니 5 Episode 4
RAPSTAR (remix),"Flowsik,The Quiett,Dok2",쇼미더머니 5 Episode 3
우리가 빠지면 PARTY가 아니지,"박재범,Ugly Duck",Scene Stealers
바라지 않아 (Feat. 소정 Of 레이디스 코드),정키,LISH
사람들이 움직이는 게,악동뮤지션,사춘기 상 (思春記 上)
파도,유엔,Traveling You
다시 너를,"매드클라운,김나영",태양의 후예 OST Part.5
아름다운 그대에게,원더걸스,Why So Lonely
오늘 모해 (#WYD),iKON,오늘 모해 (#WYD)
그 해 여름 (두 번째 이야기),인피니트,그 해 여름 (두 번째 이야기)
ㅎㄷㄷ (PUT`EM UP),"박재범,Ugly Duck",Scene Stealers
유레카 (Feat. Zion.T),지코 (ZICO),GALLERY
물들어요 (Fall in Love),여자친구,여자친구 The 1st Album `LOL`
